time	pop	freq	onset
11990	EHG	0.0	12000
11990	ANA	0.0	12000
11990	EUR	0.0001	12000
11990	YAM	NA	12000
11960	EHG	0.0	12000
11960	ANA	0.0	12000
11960	EUR	0.0001	12000
11960	YAM	NA	12000
11930	EHG	0.0	12000
11930	ANA	0.0	12000
11930	EUR	0.0002	12000
11930	YAM	NA	12000
11900	EHG	0.0	12000
11900	ANA	0.0	12000
11900	EUR	0.0001	12000
11900	YAM	NA	12000
11870	EHG	0.0	12000
11870	ANA	0.0	12000
11870	EUR	0.0002	12000
11870	YAM	NA	12000
11840	EHG	0.0	12000
11840	ANA	0.0	12000
11840	EUR	0.0003	12000
11840	YAM	NA	12000
11810	EHG	0.0	12000
11810	ANA	0.0	12000
11810	EUR	0.0005	12000
11810	YAM	NA	12000
11780	EHG	0.0	12000
11780	ANA	0.0	12000
11780	EUR	0.0007	12000
11780	YAM	NA	12000
11750	EHG	0.0	12000
11750	ANA	0.0	12000
11750	EUR	0.0009	12000
11750	YAM	NA	12000
11720	EHG	0.0	12000
11720	ANA	0.0	12000
11720	EUR	0.0007	12000
11720	YAM	NA	12000
11690	EHG	0.0	12000
11690	ANA	0.0	12000
11690	EUR	0.0012	12000
11690	YAM	NA	12000
11660	EHG	0.0	12000
11660	ANA	0.0	12000
11660	EUR	0.0012	12000
11660	YAM	NA	12000
11630	EHG	0.0	12000
11630	ANA	0.0	12000
11630	EUR	0.0009	12000
11630	YAM	NA	12000
11600	EHG	0.0	12000
11600	ANA	0.0	12000
11600	EUR	0.001	12000
11600	YAM	NA	12000
11570	EHG	0.0	12000
11570	ANA	0.0	12000
11570	EUR	0.0011	12000
11570	YAM	NA	12000
11540	EHG	0.0	12000
11540	ANA	0.0	12000
11540	EUR	0.0013	12000
11540	YAM	NA	12000
11510	EHG	0.0	12000
11510	ANA	0.0	12000
11510	EUR	0.0017	12000
11510	YAM	NA	12000
11480	EHG	0.0	12000
11480	ANA	0.0	12000
11480	EUR	0.0017	12000
11480	YAM	NA	12000
11450	EHG	0.0	12000
11450	ANA	0.0	12000
11450	EUR	0.0016	12000
11450	YAM	NA	12000
11420	EHG	0.0	12000
11420	ANA	0.0	12000
11420	EUR	0.0025	12000
11420	YAM	NA	12000
11390	EHG	0.0	12000
11390	ANA	0.0	12000
11390	EUR	0.002	12000
11390	YAM	NA	12000
11360	EHG	0.0	12000
11360	ANA	0.0	12000
11360	EUR	0.0026	12000
11360	YAM	NA	12000
11330	EHG	0.0	12000
11330	ANA	0.0	12000
11330	EUR	0.0016	12000
11330	YAM	NA	12000
11300	EHG	0.0	12000
11300	ANA	0.0	12000
11300	EUR	0.0019	12000
11300	YAM	NA	12000
11270	EHG	0.0	12000
11270	ANA	0.0	12000
11270	EUR	0.0019	12000
11270	YAM	NA	12000
11240	EHG	0.0	12000
11240	ANA	0.0	12000
11240	EUR	0.0009	12000
11240	YAM	NA	12000
11210	EHG	0.0	12000
11210	ANA	0.0	12000
11210	EUR	0.001	12000
11210	YAM	NA	12000
11180	EHG	0.0	12000
11180	ANA	0.0	12000
11180	EUR	0.0005	12000
11180	YAM	NA	12000
11150	EHG	0.0	12000
11150	ANA	0.0	12000
11150	EUR	0.001	12000
11150	YAM	NA	12000
11120	EHG	0.0	12000
11120	ANA	0.0	12000
11120	EUR	0.0015	12000
11120	YAM	NA	12000
11090	EHG	0.0	12000
11090	ANA	0.0	12000
11090	EUR	0.0018	12000
11090	YAM	NA	12000
11060	EHG	0.0	12000
11060	ANA	0.0	12000
11060	EUR	0.0019	12000
11060	YAM	NA	12000
11030	EHG	0.0	12000
11030	ANA	0.0	12000
11030	EUR	0.002	12000
11030	YAM	NA	12000
11000	EHG	0.0	12000
11000	ANA	0.0	12000
11000	EUR	0.0023	12000
11000	YAM	NA	12000
10970	EHG	0.0	12000
10970	ANA	0.0	12000
10970	EUR	0.0031	12000
10970	YAM	NA	12000
10940	EHG	0.0	12000
10940	ANA	0.0	12000
10940	EUR	0.005	12000
10940	YAM	NA	12000
10910	EHG	0.0	12000
10910	ANA	0.0	12000
10910	EUR	0.0054	12000
10910	YAM	NA	12000
10880	EHG	0.0	12000
10880	ANA	0.0	12000
10880	EUR	0.0059	12000
10880	YAM	NA	12000
10850	EHG	0.0	12000
10850	ANA	0.0	12000
10850	EUR	0.008	12000
10850	YAM	NA	12000
10820	EHG	0.0	12000
10820	ANA	0.0	12000
10820	EUR	0.0088	12000
10820	YAM	NA	12000
10790	EHG	0.0	12000
10790	ANA	0.0	12000
10790	EUR	0.0102	12000
10790	YAM	NA	12000
10760	EHG	0.0	12000
10760	ANA	0.0	12000
10760	EUR	0.0111	12000
10760	YAM	NA	12000
10730	EHG	0.0	12000
10730	ANA	0.0	12000
10730	EUR	0.0121	12000
10730	YAM	NA	12000
10700	EHG	0.0	12000
10700	ANA	0.0	12000
10700	EUR	0.0124	12000
10700	YAM	NA	12000
10670	EHG	0.0	12000
10670	ANA	0.0	12000
10670	EUR	0.0138	12000
10670	YAM	NA	12000
10640	EHG	0.0	12000
10640	ANA	0.0	12000
10640	EUR	0.0141	12000
10640	YAM	NA	12000
10610	EHG	0.0	12000
10610	ANA	0.0	12000
10610	EUR	0.0156	12000
10610	YAM	NA	12000
10580	EHG	0.0	12000
10580	ANA	0.0	12000
10580	EUR	0.0174	12000
10580	YAM	NA	12000
10550	EHG	0.0	12000
10550	ANA	0.0	12000
10550	EUR	0.0187	12000
10550	YAM	NA	12000
10520	EHG	0.0	12000
10520	ANA	0.0	12000
10520	EUR	0.0212	12000
10520	YAM	NA	12000
10490	EHG	0.0	12000
10490	ANA	0.0	12000
10490	EUR	0.0212	12000
10490	YAM	NA	12000
10460	EHG	0.0	12000
10460	ANA	0.0	12000
10460	EUR	0.0237	12000
10460	YAM	NA	12000
10430	EHG	0.0	12000
10430	ANA	0.0	12000
10430	EUR	0.0229	12000
10430	YAM	NA	12000
10400	EHG	0.0	12000
10400	ANA	0.0	12000
10400	EUR	0.0237	12000
10400	YAM	NA	12000
10370	EHG	0.0	12000
10370	ANA	0.0	12000
10370	EUR	0.0257	12000
10370	YAM	NA	12000
10340	EHG	0.0	12000
10340	ANA	0.0	12000
10340	EUR	0.0276	12000
10340	YAM	NA	12000
10310	EHG	0.0	12000
10310	ANA	0.0	12000
10310	EUR	0.0292	12000
10310	YAM	NA	12000
10280	EHG	0.0	12000
10280	ANA	0.0	12000
10280	EUR	0.0283	12000
10280	YAM	NA	12000
10250	EHG	0.0	12000
10250	ANA	0.0	12000
10250	EUR	0.0279	12000
10250	YAM	NA	12000
10220	EHG	0.0	12000
10220	ANA	0.0	12000
10220	EUR	0.0318	12000
10220	YAM	NA	12000
10190	EHG	0.0	12000
10190	ANA	0.0	12000
10190	EUR	0.0357	12000
10190	YAM	NA	12000
10160	EHG	0.0	12000
10160	ANA	0.0	12000
10160	EUR	0.0363	12000
10160	YAM	NA	12000
10130	EHG	0.0	12000
10130	ANA	0.0	12000
10130	EUR	0.0402	12000
10130	YAM	NA	12000
10100	EHG	0.0	12000
10100	ANA	0.0	12000
10100	EUR	0.0428	12000
10100	YAM	NA	12000
10070	EHG	0.0	12000
10070	ANA	0.0	12000
10070	EUR	0.0504	12000
10070	YAM	NA	12000
10040	EHG	0.0	12000
10040	ANA	0.0	12000
10040	EUR	0.0535	12000
10040	YAM	NA	12000
10010	EHG	0.0	12000
10010	ANA	0.0	12000
10010	EUR	0.0551	12000
10010	YAM	NA	12000
9980	EHG	0.0	12000
9980	ANA	0.0	12000
9980	EUR	0.059	12000
9980	YAM	NA	12000
9950	EHG	0.0	12000
9950	ANA	0.0	12000
9950	EUR	0.0643	12000
9950	YAM	NA	12000
9920	EHG	0.0	12000
9920	ANA	0.0	12000
9920	EUR	0.0684	12000
9920	YAM	NA	12000
9890	EHG	0.0	12000
9890	ANA	0.0	12000
9890	EUR	0.0717	12000
9890	YAM	NA	12000
9860	EHG	0.0	12000
9860	ANA	0.0	12000
9860	EUR	0.0764	12000
9860	YAM	NA	12000
9830	EHG	0.0	12000
9830	ANA	0.0	12000
9830	EUR	0.0828	12000
9830	YAM	NA	12000
9800	EHG	0.0	12000
9800	ANA	0.0	12000
9800	EUR	0.0876	12000
9800	YAM	NA	12000
9770	EHG	0.0	12000
9770	ANA	0.0	12000
9770	EUR	0.097	12000
9770	YAM	NA	12000
9740	EHG	0.0	12000
9740	ANA	0.0	12000
9740	EUR	0.1043	12000
9740	YAM	NA	12000
9710	EHG	0.0	12000
9710	ANA	0.0	12000
9710	EUR	0.1097	12000
9710	YAM	NA	12000
9680	EHG	0.0	12000
9680	ANA	0.0	12000
9680	EUR	0.1153	12000
9680	YAM	NA	12000
9650	EHG	0.0	12000
9650	ANA	0.0	12000
9650	EUR	0.1178	12000
9650	YAM	NA	12000
9620	EHG	0.0	12000
9620	ANA	0.0	12000
9620	EUR	0.1273	12000
9620	YAM	NA	12000
9590	EHG	0.0	12000
9590	ANA	0.0	12000
9590	EUR	0.1338	12000
9590	YAM	NA	12000
9560	EHG	0.0	12000
9560	ANA	0.0	12000
9560	EUR	0.1475	12000
9560	YAM	NA	12000
9530	EHG	0.0	12000
9530	ANA	0.0	12000
9530	EUR	0.1548	12000
9530	YAM	NA	12000
9500	EHG	0.0	12000
9500	ANA	0.0	12000
9500	EUR	0.1615	12000
9500	YAM	NA	12000
9470	EHG	0.0	12000
9470	ANA	0.0	12000
9470	EUR	0.1727	12000
9470	YAM	NA	12000
9440	EHG	0.0	12000
9440	ANA	0.0	12000
9440	EUR	0.1817	12000
9440	YAM	NA	12000
9410	EHG	0.0	12000
9410	ANA	0.0	12000
9410	EUR	0.1933	12000
9410	YAM	NA	12000
9380	EHG	0.0	12000
9380	ANA	0.0	12000
9380	EUR	0.2109	12000
9380	YAM	NA	12000
9350	EHG	0.0	12000
9350	ANA	0.0	12000
9350	EUR	0.2237	12000
9350	YAM	NA	12000
9320	EHG	0.0	12000
9320	ANA	0.0	12000
9320	EUR	0.2337	12000
9320	YAM	NA	12000
9290	EHG	0.0	12000
9290	ANA	0.0	12000
9290	EUR	0.2505	12000
9290	YAM	NA	12000
9260	EHG	0.0	12000
9260	ANA	0.0	12000
9260	EUR	0.2657	12000
9260	YAM	NA	12000
9230	EHG	0.0	12000
9230	ANA	0.0	12000
9230	EUR	0.2753	12000
9230	YAM	NA	12000
9200	EHG	0.0	12000
9200	ANA	0.0	12000
9200	EUR	0.2882	12000
9200	YAM	NA	12000
9170	EHG	0.0	12000
9170	ANA	0.0	12000
9170	EUR	0.3011	12000
9170	YAM	NA	12000
9140	EHG	0.0	12000
9140	ANA	0.0	12000
9140	EUR	0.312	12000
9140	YAM	NA	12000
9110	EHG	0.0	12000
9110	ANA	0.0	12000
9110	EUR	0.3251	12000
9110	YAM	NA	12000
9080	EHG	0.0	12000
9080	ANA	0.0	12000
9080	EUR	0.3342	12000
9080	YAM	NA	12000
9050	EHG	0.0	12000
9050	ANA	0.0	12000
9050	EUR	0.3515	12000
9050	YAM	NA	12000
9020	EHG	0.0	12000
9020	ANA	0.0	12000
9020	EUR	0.3718	12000
9020	YAM	NA	12000
8990	EHG	0.0	12000
8990	ANA	0.0	12000
8990	EUR	0.3872	12000
8990	YAM	NA	12000
8960	EHG	0.0	12000
8960	ANA	0.0	12000
8960	EUR	0.3955	12000
8960	YAM	NA	12000
8930	EHG	0.0	12000
8930	ANA	0.0	12000
8930	EUR	0.4006	12000
8930	YAM	NA	12000
8900	EHG	0.0	12000
8900	ANA	0.0	12000
8900	EUR	0.4177	12000
8900	YAM	NA	12000
8870	EHG	0.0	12000
8870	ANA	0.0	12000
8870	EUR	0.4306	12000
8870	YAM	NA	12000
8840	EHG	0.0	12000
8840	ANA	0.0	12000
8840	EUR	0.4546	12000
8840	YAM	NA	12000
8810	EHG	0.0	12000
8810	ANA	0.0	12000
8810	EUR	0.4727	12000
8810	YAM	NA	12000
8780	EHG	0.0	12000
8780	ANA	0.0	12000
8780	EUR	0.4842	12000
8780	YAM	NA	12000
8750	EHG	0.0	12000
8750	ANA	0.0	12000
8750	EUR	0.5022	12000
8750	YAM	NA	12000
8720	EHG	0.0	12000
8720	ANA	0.0	12000
8720	EUR	0.52	12000
8720	YAM	NA	12000
8690	EHG	0.0	12000
8690	ANA	0.0	12000
8690	EUR	0.539	12000
8690	YAM	NA	12000
8660	EHG	0.0	12000
8660	ANA	0.0	12000
8660	EUR	0.5573	12000
8660	YAM	NA	12000
8630	EHG	0.0	12000
8630	ANA	0.0	12000
8630	EUR	0.5725	12000
8630	YAM	NA	12000
8600	EHG	0.0	12000
8600	ANA	0.0	12000
8600	EUR	0.5892	12000
8600	YAM	NA	12000
8570	EHG	0.0	12000
8570	ANA	0.0	12000
8570	EUR	0.6028	12000
8570	YAM	NA	12000
8540	EHG	0.0	12000
8540	ANA	0.0	12000
8540	EUR	0.6203	12000
8540	YAM	NA	12000
8510	EHG	0.0	12000
8510	ANA	0.0	12000
8510	EUR	0.6361	12000
8510	YAM	NA	12000
8480	EHG	0.0	12000
8480	ANA	0.0	12000
8480	EUR	0.6573	12000
8480	YAM	NA	12000
8450	EHG	0.0	12000
8450	ANA	0.0	12000
8450	EUR	0.6758	12000
8450	YAM	NA	12000
8420	EHG	0.0	12000
8420	ANA	0.0	12000
8420	EUR	0.7008	12000
8420	YAM	NA	12000
8390	EHG	0.0	12000
8390	ANA	0.0	12000
8390	EUR	0.7182	12000
8390	YAM	NA	12000
8360	EHG	0.0	12000
8360	ANA	0.0	12000
8360	EUR	0.7334	12000
8360	YAM	NA	12000
8330	EHG	0.0	12000
8330	ANA	0.0	12000
8330	EUR	0.7394	12000
8330	YAM	NA	12000
8300	EHG	0.0	12000
8300	ANA	0.0	12000
8300	EUR	0.7575	12000
8300	YAM	NA	12000
8270	EHG	0.0	12000
8270	ANA	0.0	12000
8270	EUR	0.768	12000
8270	YAM	NA	12000
8240	EHG	0.0	12000
8240	ANA	0.0	12000
8240	EUR	0.7771	12000
8240	YAM	NA	12000
8210	EHG	0.0	12000
8210	ANA	0.0	12000
8210	EUR	0.7815	12000
8210	YAM	NA	12000
8180	EHG	0.0	12000
8180	ANA	0.0	12000
8180	EUR	0.7914	12000
8180	YAM	NA	12000
8150	EHG	0.0	12000
8150	ANA	0.0	12000
8150	EUR	0.8058	12000
8150	YAM	NA	12000
8120	EHG	0.0	12000
8120	ANA	0.0	12000
8120	EUR	0.8211	12000
8120	YAM	NA	12000
8090	EHG	0.0	12000
8090	ANA	0.0	12000
8090	EUR	0.8328	12000
8090	YAM	NA	12000
8060	EHG	0.0	12000
8060	ANA	0.0	12000
8060	EUR	0.8511	12000
8060	YAM	NA	12000
8030	EHG	0.0	12000
8030	ANA	0.0	12000
8030	EUR	0.8562	12000
8030	YAM	NA	12000
8000	EHG	0.0	12000
8000	ANA	0.0	12000
8000	EUR	0.8623	12000
8000	YAM	0.0	12000
7970	EHG	0.0	12000
7970	ANA	0.0	12000
7970	EUR	0.8713	12000
7970	YAM	0.0	12000
7940	EHG	0.0	12000
7940	ANA	0.0	12000
7940	EUR	0.8756	12000
7940	YAM	0.0	12000
7910	EHG	0.0	12000
7910	ANA	0.0	12000
7910	EUR	0.8782	12000
7910	YAM	0.0	12000
7880	EHG	0.0	12000
7880	ANA	0.0	12000
7880	EUR	0.8807	12000
7880	YAM	0.0	12000
7850	EHG	0.0	12000
7850	ANA	0.0	12000
7850	EUR	0.8926	12000
7850	YAM	0.0	12000
7820	EHG	0.0	12000
7820	ANA	0.0	12000
7820	EUR	0.9003	12000
7820	YAM	0.0	12000
7790	EHG	0.0	12000
7790	ANA	0.0	12000
7790	EUR	0.9064	12000
7790	YAM	0.0	12000
7760	EHG	0.0	12000
7760	ANA	0.0	12000
7760	EUR	0.9116	12000
7760	YAM	0.0	12000
7730	EHG	0.0	12000
7730	ANA	0.0	12000
7730	EUR	0.9173	12000
7730	YAM	0.0	12000
7700	EHG	0.0	12000
7700	ANA	0.0	12000
7700	EUR	0.9222	12000
7700	YAM	0.0	12000
7670	EHG	0.0	12000
7670	ANA	0.0	12000
7670	EUR	0.9275	12000
7670	YAM	0.0	12000
7640	EHG	0.0	12000
7640	ANA	0.0	12000
7640	EUR	0.9338	12000
7640	YAM	0.0	12000
7610	EHG	0.0	12000
7610	ANA	0.0	12000
7610	EUR	0.9366	12000
7610	YAM	0.0	12000
7580	EHG	0.0	12000
7580	ANA	0.0	12000
7580	EUR	0.9408	12000
7580	YAM	0.0	12000
7550	EHG	0.0	12000
7550	ANA	0.0	12000
7550	EUR	0.946	12000
7550	YAM	0.0	12000
7520	EHG	0.0	12000
7520	ANA	0.0	12000
7520	EUR	0.9491	12000
7520	YAM	0.0	12000
7490	EHG	0.0	12000
7490	ANA	0.0	12000
7490	EUR	0.9539	12000
7490	YAM	0.0	12000
7460	EHG	0.0	12000
7460	ANA	0.0	12000
7460	EUR	0.9567	12000
7460	YAM	0.0	12000
7430	EHG	0.0	12000
7430	ANA	0.0	12000
7430	EUR	0.9568	12000
7430	YAM	0.0	12000
7400	EHG	0.0	12000
7400	ANA	0.0	12000
7400	EUR	0.9612	12000
7400	YAM	0.0	12000
7370	EHG	0.0	12000
7370	ANA	0.0	12000
7370	EUR	0.9639	12000
7370	YAM	0.0	12000
7340	EHG	0.0	12000
7340	ANA	0.0	12000
7340	EUR	0.9677	12000
7340	YAM	0.0	12000
7310	EHG	0.0	12000
7310	ANA	0.0	12000
7310	EUR	0.9681	12000
7310	YAM	0.0	12000
7280	EHG	0.0	12000
7280	ANA	0.0	12000
7280	EUR	0.9707	12000
7280	YAM	0.0	12000
7250	EHG	0.0	12000
7250	ANA	0.0	12000
7250	EUR	0.9735	12000
7250	YAM	0.0	12000
7220	EHG	0.0	12000
7220	ANA	0.0	12000
7220	EUR	0.9768	12000
7220	YAM	0.0	12000
7190	EHG	0.0	12000
7190	ANA	0.0	12000
7190	EUR	0.9793	12000
7190	YAM	0.0	12000
7160	EHG	0.0	12000
7160	ANA	0.0	12000
7160	EUR	0.9815	12000
7160	YAM	0.0	12000
7130	EHG	0.0	12000
7130	ANA	0.0	12000
7130	EUR	0.9804	12000
7130	YAM	0.0	12000
7100	EHG	0.0	12000
7100	ANA	0.0	12000
7100	EUR	0.9821	12000
7100	YAM	0.0	12000
7070	EHG	0.0	12000
7070	ANA	0.0	12000
7070	EUR	0.9826	12000
7070	YAM	0.0	12000
7040	EHG	0.0	12000
7040	ANA	0.0	12000
7040	EUR	0.984	12000
7040	YAM	0.0	12000
7010	EHG	0.0	12000
7010	ANA	0.0	12000
7010	EUR	0.9846	12000
7010	YAM	0.0	12000
6980	EHG	0.0	12000
6980	ANA	0.0	12000
6980	EUR	0.9869	12000
6980	YAM	0.0	12000
6950	EHG	0.0	12000
6950	ANA	0.0	12000
6950	EUR	0.9882	12000
6950	YAM	0.0	12000
6920	EHG	0.0	12000
6920	ANA	0.0	12000
6920	EUR	0.9894	12000
6920	YAM	0.0	12000
6890	EHG	0.0	12000
6890	ANA	0.0	12000
6890	EUR	0.9895	12000
6890	YAM	0.0	12000
6860	EHG	0.0	12000
6860	ANA	0.0	12000
6860	EUR	0.9898	12000
6860	YAM	0.0	12000
6830	EHG	0.0	12000
6830	ANA	0.0	12000
6830	EUR	0.9916	12000
6830	YAM	0.0	12000
6800	EHG	0.0	12000
6800	ANA	0.0	12000
6800	EUR	0.9913	12000
6800	YAM	0.0	12000
6770	EHG	0.0	12000
6770	ANA	0.0	12000
6770	EUR	0.9923	12000
6770	YAM	0.0	12000
6740	EHG	0.0	12000
6740	ANA	0.0	12000
6740	EUR	0.9947	12000
6740	YAM	0.0	12000
6710	EHG	0.0	12000
6710	ANA	0.0	12000
6710	EUR	0.9952	12000
6710	YAM	0.0	12000
6680	EHG	0.0	12000
6680	ANA	0.0	12000
6680	EUR	0.9969	12000
6680	YAM	0.0	12000
6650	EHG	0.0	12000
6650	ANA	0.0	12000
6650	EUR	0.9973	12000
6650	YAM	0.0	12000
6620	EHG	0.0	12000
6620	ANA	0.0	12000
6620	EUR	0.9977	12000
6620	YAM	0.0	12000
6590	EHG	0.0	12000
6590	ANA	0.0	12000
6590	EUR	0.9975	12000
6590	YAM	0.0	12000
6560	EHG	0.0	12000
6560	ANA	0.0	12000
6560	EUR	0.9971	12000
6560	YAM	0.0	12000
6530	EHG	0.0	12000
6530	ANA	0.0	12000
6530	EUR	0.9976	12000
6530	YAM	0.0	12000
6500	EHG	0.0	12000
6500	ANA	0.0	12000
6500	EUR	0.9971	12000
6500	YAM	0.0	12000
6470	EHG	0.0	12000
6470	ANA	0.0	12000
6470	EUR	0.996	12000
6470	YAM	0.0	12000
6440	EHG	0.0	12000
6440	ANA	0.0	12000
6440	EUR	0.9949	12000
6440	YAM	0.0	12000
6410	EHG	0.0	12000
6410	ANA	0.0	12000
6410	EUR	0.9946	12000
6410	YAM	0.0	12000
6380	EHG	0.0	12000
6380	ANA	0.0	12000
6380	EUR	0.9932	12000
6380	YAM	0.0	12000
6350	EHG	0.0	12000
6350	ANA	0.0	12000
6350	EUR	0.9936	12000
6350	YAM	0.0	12000
6320	EHG	0.0	12000
6320	ANA	0.0	12000
6320	EUR	0.9931	12000
6320	YAM	0.0	12000
6290	EHG	0.0	12000
6290	ANA	0.0	12000
6290	EUR	0.9947	12000
6290	YAM	0.0	12000
6260	EHG	0.0	12000
6260	ANA	0.0	12000
6260	EUR	0.9954	12000
6260	YAM	0.0	12000
6230	EHG	0.0	12000
6230	ANA	0.0	12000
6230	EUR	0.9947	12000
6230	YAM	0.0	12000
6200	EHG	0.0	12000
6200	ANA	0.0	12000
6200	EUR	0.9957	12000
6200	YAM	0.0	12000
6170	EHG	0.0	12000
6170	ANA	0.0	12000
6170	EUR	0.9959	12000
6170	YAM	0.0	12000
6140	EHG	0.0	12000
6140	ANA	0.0	12000
6140	EUR	0.9964	12000
6140	YAM	0.0	12000
6110	EHG	0.0	12000
6110	ANA	0.0	12000
6110	EUR	0.9965	12000
6110	YAM	0.0	12000
6080	EHG	0.0	12000
6080	ANA	0.0	12000
6080	EUR	0.9972	12000
6080	YAM	0.0	12000
6050	EHG	0.0	12000
6050	ANA	0.0	12000
6050	EUR	0.997	12000
6050	YAM	0.0	12000
6020	EHG	0.0	12000
6020	ANA	0.0	12000
6020	EUR	0.998	12000
6020	YAM	0.0	12000
5990	EHG	NA	12000
5990	ANA	0.0	12000
5990	EUR	0.9984	12000
5990	YAM	0.0	12000
5960	EHG	NA	12000
5960	ANA	0.0	12000
5960	EUR	0.9855	12000
5960	YAM	0.0	12000
5930	EHG	NA	12000
5930	ANA	0.0	12000
5930	EUR	0.9725	12000
5930	YAM	0.0	12000
5900	EHG	NA	12000
5900	ANA	0.0	12000
5900	EUR	0.9611	12000
5900	YAM	0.0	12000
5870	EHG	NA	12000
5870	ANA	0.0	12000
5870	EUR	0.9537	12000
5870	YAM	0.0	12000
5840	EHG	NA	12000
5840	ANA	0.0	12000
5840	EUR	0.9404	12000
5840	YAM	0.0	12000
5810	EHG	NA	12000
5810	ANA	0.0	12000
5810	EUR	0.9352	12000
5810	YAM	0.0	12000
5780	EHG	NA	12000
5780	ANA	0.0	12000
5780	EUR	0.9274	12000
5780	YAM	0.0	12000
5750	EHG	NA	12000
5750	ANA	0.0	12000
5750	EUR	0.923	12000
5750	YAM	0.0	12000
5720	EHG	NA	12000
5720	ANA	0.0	12000
5720	EUR	0.916	12000
5720	YAM	0.0	12000
5690	EHG	NA	12000
5690	ANA	0.0	12000
5690	EUR	0.9043	12000
5690	YAM	0.0	12000
5660	EHG	NA	12000
5660	ANA	0.0	12000
5660	EUR	0.8952	12000
5660	YAM	0.0	12000
5630	EHG	NA	12000
5630	ANA	0.0	12000
5630	EUR	0.8903	12000
5630	YAM	0.0	12000
5600	EHG	NA	12000
5600	ANA	0.0	12000
5600	EUR	0.8915	12000
5600	YAM	0.0	12000
5570	EHG	NA	12000
5570	ANA	0.0	12000
5570	EUR	0.8818	12000
5570	YAM	0.0	12000
5540	EHG	NA	12000
5540	ANA	0.0	12000
5540	EUR	0.8774	12000
5540	YAM	0.0	12000
5510	EHG	NA	12000
5510	ANA	0.0	12000
5510	EUR	0.8735	12000
5510	YAM	0.0	12000
5480	EHG	NA	12000
5480	ANA	0.0	12000
5480	EUR	0.8653	12000
5480	YAM	0.0	12000
5450	EHG	NA	12000
5450	ANA	0.0	12000
5450	EUR	0.8598	12000
5450	YAM	0.0	12000
5420	EHG	NA	12000
5420	ANA	0.0	12000
5420	EUR	0.8533	12000
5420	YAM	0.0	12000
5390	EHG	NA	12000
5390	ANA	0.0	12000
5390	EUR	0.852	12000
5390	YAM	0.0	12000
5360	EHG	NA	12000
5360	ANA	0.0	12000
5360	EUR	0.8513	12000
5360	YAM	0.0	12000
5330	EHG	NA	12000
5330	ANA	0.0	12000
5330	EUR	0.8428	12000
5330	YAM	0.0	12000
5300	EHG	NA	12000
5300	ANA	0.0	12000
5300	EUR	0.8418	12000
5300	YAM	0.0	12000
5270	EHG	NA	12000
5270	ANA	0.0	12000
5270	EUR	0.8413	12000
5270	YAM	0.0	12000
5240	EHG	NA	12000
5240	ANA	0.0	12000
5240	EUR	0.8402	12000
5240	YAM	0.0	12000
5210	EHG	NA	12000
5210	ANA	0.0	12000
5210	EUR	0.8426	12000
5210	YAM	0.0	12000
5180	EHG	NA	12000
5180	ANA	0.0	12000
5180	EUR	0.8366	12000
5180	YAM	0.0	12000
5150	EHG	NA	12000
5150	ANA	0.0	12000
5150	EUR	0.8376	12000
5150	YAM	0.0	12000
5120	EHG	NA	12000
5120	ANA	0.0	12000
5120	EUR	0.8341	12000
5120	YAM	0.0	12000
5090	EHG	NA	12000
5090	ANA	0.0	12000
5090	EUR	0.8304	12000
5090	YAM	0.0	12000
5060	EHG	NA	12000
5060	ANA	0.0	12000
5060	EUR	0.8268	12000
5060	YAM	0.0	12000
5030	EHG	NA	12000
5030	ANA	0.0	12000
5030	EUR	0.8299	12000
5030	YAM	0.0	12000
5000	EHG	NA	12000
5000	ANA	0.0	12000
5000	EUR	0.8274	12000
5000	YAM	0.0	12000
4970	EHG	NA	12000
4970	ANA	0.0	12000
4970	EUR	0.833	12000
4970	YAM	0.0	12000
4940	EHG	NA	12000
4940	ANA	0.0	12000
4940	EUR	0.8387	12000
4940	YAM	0.0	12000
4910	EHG	NA	12000
4910	ANA	0.0	12000
4910	EUR	0.8481	12000
4910	YAM	0.0	12000
4880	EHG	NA	12000
4880	ANA	0.0	12000
4880	EUR	0.8535	12000
4880	YAM	0.0	12000
4850	EHG	NA	12000
4850	ANA	0.0	12000
4850	EUR	0.8609	12000
4850	YAM	0.0	12000
4820	EHG	NA	12000
4820	ANA	0.0	12000
4820	EUR	0.8705	12000
4820	YAM	0.0	12000
4790	EHG	NA	12000
4790	ANA	0.0	12000
4790	EUR	0.8785	12000
4790	YAM	0.0	12000
4760	EHG	NA	12000
4760	ANA	0.0	12000
4760	EUR	0.8852	12000
4760	YAM	0.0	12000
4730	EHG	NA	12000
4730	ANA	0.0	12000
4730	EUR	0.8948	12000
4730	YAM	0.0	12000
4700	EHG	NA	12000
4700	ANA	0.0	12000
4700	EUR	0.9051	12000
4700	YAM	0.0	12000
4670	EHG	NA	12000
4670	ANA	0.0	12000
4670	EUR	0.9104	12000
4670	YAM	0.0	12000
4640	EHG	NA	12000
4640	ANA	0.0	12000
4640	EUR	0.9103	12000
4640	YAM	0.0	12000
4610	EHG	NA	12000
4610	ANA	0.0	12000
4610	EUR	0.9122	12000
4610	YAM	0.0	12000
4580	EHG	NA	12000
4580	ANA	0.0	12000
4580	EUR	0.9114	12000
4580	YAM	0.0	12000
4550	EHG	NA	12000
4550	ANA	0.0	12000
4550	EUR	0.9178	12000
4550	YAM	0.0	12000
4520	EHG	NA	12000
4520	ANA	0.0	12000
4520	EUR	0.9266	12000
4520	YAM	0.0	12000
4490	EHG	NA	12000
4490	ANA	0.0	12000
4490	EUR	0.9289	12000
4490	YAM	0.0	12000
4460	EHG	NA	12000
4460	ANA	0.0	12000
4460	EUR	0.9346	12000
4460	YAM	0.0	12000
4430	EHG	NA	12000
4430	ANA	0.0	12000
4430	EUR	0.9407	12000
4430	YAM	0.0	12000
4400	EHG	NA	12000
4400	ANA	0.0	12000
4400	EUR	0.9451	12000
4400	YAM	0.0	12000
4370	EHG	NA	12000
4370	ANA	0.0	12000
4370	EUR	0.949	12000
4370	YAM	0.0	12000
4340	EHG	NA	12000
4340	ANA	0.0	12000
4340	EUR	0.95	12000
4340	YAM	0.0	12000
4310	EHG	NA	12000
4310	ANA	0.0	12000
4310	EUR	0.9534	12000
4310	YAM	0.0	12000
4280	EHG	NA	12000
4280	ANA	0.0	12000
4280	EUR	0.9561	12000
4280	YAM	0.0	12000
4250	EHG	NA	12000
4250	ANA	0.0	12000
4250	EUR	0.957	12000
4250	YAM	0.0	12000
4220	EHG	NA	12000
4220	ANA	0.0	12000
4220	EUR	0.9625	12000
4220	YAM	0.0	12000
4190	EHG	NA	12000
4190	ANA	0.0	12000
4190	EUR	0.9641	12000
4190	YAM	0.0	12000
4160	EHG	NA	12000
4160	ANA	0.0	12000
4160	EUR	0.9669	12000
4160	YAM	0.0	12000
4130	EHG	NA	12000
4130	ANA	0.0	12000
4130	EUR	0.9667	12000
4130	YAM	0.0	12000
4100	EHG	NA	12000
4100	ANA	0.0	12000
4100	EUR	0.9685	12000
4100	YAM	0.0	12000
4070	EHG	NA	12000
4070	ANA	0.0	12000
4070	EUR	0.9707	12000
4070	YAM	0.0	12000
4040	EHG	NA	12000
4040	ANA	0.0	12000
4040	EUR	0.974	12000
4040	YAM	0.0	12000
4010	EHG	NA	12000
4010	ANA	NA	12000
4010	EUR	0.9771	12000
4010	YAM	0.0	12000
3980	EHG	NA	12000
3980	ANA	NA	12000
3980	EUR	0.9413	12000
3980	YAM	0.0	12000
3950	EHG	NA	12000
3950	ANA	NA	12000
3950	EUR	0.9083	12000
3950	YAM	0.0	12000
3920	EHG	NA	12000
3920	ANA	NA	12000
3920	EUR	0.8821	12000
3920	YAM	0.0	12000
3890	EHG	NA	12000
3890	ANA	NA	12000
3890	EUR	0.8578	12000
3890	YAM	0.0	12000
3860	EHG	NA	12000
3860	ANA	NA	12000
3860	EUR	0.8342	12000
3860	YAM	0.0	12000
3830	EHG	NA	12000
3830	ANA	NA	12000
3830	EUR	0.8178	12000
3830	YAM	0.0	12000
3800	EHG	NA	12000
3800	ANA	NA	12000
3800	EUR	0.7957	12000
3800	YAM	0.0	12000
3770	EHG	NA	12000
3770	ANA	NA	12000
3770	EUR	0.7807	12000
3770	YAM	0.0	12000
3740	EHG	NA	12000
3740	ANA	NA	12000
3740	EUR	0.7677	12000
3740	YAM	0.0	12000
3710	EHG	NA	12000
3710	ANA	NA	12000
3710	EUR	0.7551	12000
3710	YAM	0.0	12000
3680	EHG	NA	12000
3680	ANA	NA	12000
3680	EUR	0.7431	12000
3680	YAM	0.0	12000
3650	EHG	NA	12000
3650	ANA	NA	12000
3650	EUR	0.7386	12000
3650	YAM	0.0	12000
3620	EHG	NA	12000
3620	ANA	NA	12000
3620	EUR	0.7269	12000
3620	YAM	0.0	12000
3590	EHG	NA	12000
3590	ANA	NA	12000
3590	EUR	0.7113	12000
3590	YAM	0.0	12000
3560	EHG	NA	12000
3560	ANA	NA	12000
3560	EUR	0.6967	12000
3560	YAM	0.0	12000
3530	EHG	NA	12000
3530	ANA	NA	12000
3530	EUR	0.6879	12000
3530	YAM	0.0	12000
3500	EHG	NA	12000
3500	ANA	NA	12000
3500	EUR	0.6877	12000
3500	YAM	0.0	12000
3470	EHG	NA	12000
3470	ANA	NA	12000
3470	EUR	0.7048	12000
3470	YAM	0.0	12000
3440	EHG	NA	12000
3440	ANA	NA	12000
3440	EUR	0.7155	12000
3440	YAM	0.0	12000
3410	EHG	NA	12000
3410	ANA	NA	12000
3410	EUR	0.7255	12000
3410	YAM	0.0	12000
3380	EHG	NA	12000
3380	ANA	NA	12000
3380	EUR	0.7378	12000
3380	YAM	0.0	12000
3350	EHG	NA	12000
3350	ANA	NA	12000
3350	EUR	0.7526	12000
3350	YAM	0.0	12000
3320	EHG	NA	12000
3320	ANA	NA	12000
3320	EUR	0.7684	12000
3320	YAM	0.0	12000
3290	EHG	NA	12000
3290	ANA	NA	12000
3290	EUR	0.7751	12000
3290	YAM	0.0	12000
3260	EHG	NA	12000
3260	ANA	NA	12000
3260	EUR	0.7859	12000
3260	YAM	0.0	12000
3230	EHG	NA	12000
3230	ANA	NA	12000
3230	EUR	0.801	12000
3230	YAM	0.0	12000
3200	EHG	NA	12000
3200	ANA	NA	12000
3200	EUR	0.8082	12000
3200	YAM	0.0	12000
3170	EHG	NA	12000
3170	ANA	NA	12000
3170	EUR	0.8173	12000
3170	YAM	0.0	12000
3140	EHG	NA	12000
3140	ANA	NA	12000
3140	EUR	0.8334	12000
3140	YAM	0.0	12000
3110	EHG	NA	12000
3110	ANA	NA	12000
3110	EUR	0.8503	12000
3110	YAM	0.0	12000
3080	EHG	NA	12000
3080	ANA	NA	12000
3080	EUR	0.8613	12000
3080	YAM	0.0	12000
3050	EHG	NA	12000
3050	ANA	NA	12000
3050	EUR	0.8666	12000
3050	YAM	0.0	12000
3020	EHG	NA	12000
3020	ANA	NA	12000
3020	EUR	0.8665	12000
3020	YAM	0.0	12000
2990	EHG	NA	12000
2990	ANA	NA	12000
2990	EUR	0.8724	12000
2990	YAM	0.0	12000
2960	EHG	NA	12000
2960	ANA	NA	12000
2960	EUR	0.8846	12000
2960	YAM	0.0	12000
2930	EHG	NA	12000
2930	ANA	NA	12000
2930	EUR	0.8877	12000
2930	YAM	0.0	12000
2900	EHG	NA	12000
2900	ANA	NA	12000
2900	EUR	0.8962	12000
2900	YAM	0.0	12000
2870	EHG	NA	12000
2870	ANA	NA	12000
2870	EUR	0.9013	12000
2870	YAM	0.0	12000
2840	EHG	NA	12000
2840	ANA	NA	12000
2840	EUR	0.9096	12000
2840	YAM	0.0	12000
2810	EHG	NA	12000
2810	ANA	NA	12000
2810	EUR	0.9157	12000
2810	YAM	0.0	12000
2780	EHG	NA	12000
2780	ANA	NA	12000
2780	EUR	0.9161	12000
2780	YAM	0.0	12000
2750	EHG	NA	12000
2750	ANA	NA	12000
2750	EUR	0.9254	12000
2750	YAM	0.0	12000
2720	EHG	NA	12000
2720	ANA	NA	12000
2720	EUR	0.9296	12000
2720	YAM	0.0	12000
2690	EHG	NA	12000
2690	ANA	NA	12000
2690	EUR	0.9328	12000
2690	YAM	0.0	12000
2660	EHG	NA	12000
2660	ANA	NA	12000
2660	EUR	0.9402	12000
2660	YAM	0.0	12000
2630	EHG	NA	12000
2630	ANA	NA	12000
2630	EUR	0.9455	12000
2630	YAM	0.0	12000
2600	EHG	NA	12000
2600	ANA	NA	12000
2600	EUR	0.9503	12000
2600	YAM	0.0	12000
2570	EHG	NA	12000
2570	ANA	NA	12000
2570	EUR	0.9534	12000
2570	YAM	0.0	12000
2540	EHG	NA	12000
2540	ANA	NA	12000
2540	EUR	0.9605	12000
2540	YAM	0.0	12000
2510	EHG	NA	12000
2510	ANA	NA	12000
2510	EUR	0.9648	12000
2510	YAM	NA	12000
2480	EHG	NA	12000
2480	ANA	NA	12000
2480	EUR	0.9678	12000
2480	YAM	NA	12000
2450	EHG	NA	12000
2450	ANA	NA	12000
2450	EUR	0.9713	12000
2450	YAM	NA	12000
2420	EHG	NA	12000
2420	ANA	NA	12000
2420	EUR	0.9738	12000
2420	YAM	NA	12000
2390	EHG	NA	12000
2390	ANA	NA	12000
2390	EUR	0.9751	12000
2390	YAM	NA	12000
2360	EHG	NA	12000
2360	ANA	NA	12000
2360	EUR	0.9766	12000
2360	YAM	NA	12000
2330	EHG	NA	12000
2330	ANA	NA	12000
2330	EUR	0.9778	12000
2330	YAM	NA	12000
2300	EHG	NA	12000
2300	ANA	NA	12000
2300	EUR	0.9768	12000
2300	YAM	NA	12000
2270	EHG	NA	12000
2270	ANA	NA	12000
2270	EUR	0.9768	12000
2270	YAM	NA	12000
2240	EHG	NA	12000
2240	ANA	NA	12000
2240	EUR	0.9776	12000
2240	YAM	NA	12000
2210	EHG	NA	12000
2210	ANA	NA	12000
2210	EUR	0.9803	12000
2210	YAM	NA	12000
2180	EHG	NA	12000
2180	ANA	NA	12000
2180	EUR	0.9826	12000
2180	YAM	NA	12000
2150	EHG	NA	12000
2150	ANA	NA	12000
2150	EUR	0.985	12000
2150	YAM	NA	12000
2120	EHG	NA	12000
2120	ANA	NA	12000
2120	EUR	0.9863	12000
2120	YAM	NA	12000
2090	EHG	NA	12000
2090	ANA	NA	12000
2090	EUR	0.9864	12000
2090	YAM	NA	12000
2060	EHG	NA	12000
2060	ANA	NA	12000
2060	EUR	0.9867	12000
2060	YAM	NA	12000
2030	EHG	NA	12000
2030	ANA	NA	12000
2030	EUR	0.9874	12000
2030	YAM	NA	12000
2000	EHG	NA	12000
2000	ANA	NA	12000
2000	EUR	0.9881	12000
2000	YAM	NA	12000
1970	EHG	NA	12000
1970	ANA	NA	12000
1970	EUR	0.9912	12000
1970	YAM	NA	12000
1940	EHG	NA	12000
1940	ANA	NA	12000
1940	EUR	0.9915	12000
1940	YAM	NA	12000
1910	EHG	NA	12000
1910	ANA	NA	12000
1910	EUR	0.9926	12000
1910	YAM	NA	12000
1880	EHG	NA	12000
1880	ANA	NA	12000
1880	EUR	0.9928	12000
1880	YAM	NA	12000
1850	EHG	NA	12000
1850	ANA	NA	12000
1850	EUR	0.9912	12000
1850	YAM	NA	12000
1820	EHG	NA	12000
1820	ANA	NA	12000
1820	EUR	0.9899	12000
1820	YAM	NA	12000
1790	EHG	NA	12000
1790	ANA	NA	12000
1790	EUR	0.9906	12000
1790	YAM	NA	12000
1760	EHG	NA	12000
1760	ANA	NA	12000
1760	EUR	0.9913	12000
1760	YAM	NA	12000
1730	EHG	NA	12000
1730	ANA	NA	12000
1730	EUR	0.9926	12000
1730	YAM	NA	12000
1700	EHG	NA	12000
1700	ANA	NA	12000
1700	EUR	0.9934	12000
1700	YAM	NA	12000
1670	EHG	NA	12000
1670	ANA	NA	12000
1670	EUR	0.9938	12000
1670	YAM	NA	12000
1640	EHG	NA	12000
1640	ANA	NA	12000
1640	EUR	0.9944	12000
1640	YAM	NA	12000
1610	EHG	NA	12000
1610	ANA	NA	12000
1610	EUR	0.9948	12000
1610	YAM	NA	12000
1580	EHG	NA	12000
1580	ANA	NA	12000
1580	EUR	0.9964	12000
1580	YAM	NA	12000
1550	EHG	NA	12000
1550	ANA	NA	12000
1550	EUR	0.9974	12000
1550	YAM	NA	12000
1520	EHG	NA	12000
1520	ANA	NA	12000
1520	EUR	0.9968	12000
1520	YAM	NA	12000
1490	EHG	NA	12000
1490	ANA	NA	12000
1490	EUR	0.9978	12000
1490	YAM	NA	12000
1460	EHG	NA	12000
1460	ANA	NA	12000
1460	EUR	0.999	12000
1460	YAM	NA	12000
1430	EHG	NA	12000
1430	ANA	NA	12000
1430	EUR	0.999	12000
1430	YAM	NA	12000
1400	EHG	NA	12000
1400	ANA	NA	12000
1400	EUR	0.9986	12000
1400	YAM	NA	12000
1370	EHG	NA	12000
1370	ANA	NA	12000
1370	EUR	0.9985	12000
1370	YAM	NA	12000
1340	EHG	NA	12000
1340	ANA	NA	12000
1340	EUR	0.9984	12000
1340	YAM	NA	12000
1310	EHG	NA	12000
1310	ANA	NA	12000
1310	EUR	0.9992	12000
1310	YAM	NA	12000
1280	EHG	NA	12000
1280	ANA	NA	12000
1280	EUR	0.9994	12000
1280	YAM	NA	12000
1250	EHG	NA	12000
1250	ANA	NA	12000
1250	EUR	0.9993	12000
1250	YAM	NA	12000
1220	EHG	NA	12000
1220	ANA	NA	12000
1220	EUR	0.9997	12000
1220	YAM	NA	12000
1190	EHG	NA	12000
1190	ANA	NA	12000
1190	EUR	0.9999	12000
1190	YAM	NA	12000
1160	EHG	NA	12000
1160	ANA	NA	12000
1160	EUR	0.9999	12000
1160	YAM	NA	12000
1130	EHG	NA	12000
1130	ANA	NA	12000
1130	EUR	1.0	12000
1130	YAM	NA	12000
1100	EHG	NA	12000
1100	ANA	NA	12000
1100	EUR	1.0	12000
1100	YAM	NA	12000
1070	EHG	NA	12000
1070	ANA	NA	12000
1070	EUR	1.0	12000
1070	YAM	NA	12000
1040	EHG	NA	12000
1040	ANA	NA	12000
1040	EUR	1.0	12000
1040	YAM	NA	12000
1010	EHG	NA	12000
1010	ANA	NA	12000
1010	EUR	1.0	12000
1010	YAM	NA	12000
980	EHG	NA	12000
980	ANA	NA	12000
980	EUR	1.0	12000
980	YAM	NA	12000
950	EHG	NA	12000
950	ANA	NA	12000
950	EUR	1.0	12000
950	YAM	NA	12000
920	EHG	NA	12000
920	ANA	NA	12000
920	EUR	1.0	12000
920	YAM	NA	12000
890	EHG	NA	12000
890	ANA	NA	12000
890	EUR	1.0	12000
890	YAM	NA	12000
860	EHG	NA	12000
860	ANA	NA	12000
860	EUR	1.0	12000
860	YAM	NA	12000
830	EHG	NA	12000
830	ANA	NA	12000
830	EUR	1.0	12000
830	YAM	NA	12000
800	EHG	NA	12000
800	ANA	NA	12000
800	EUR	1.0	12000
800	YAM	NA	12000
770	EHG	NA	12000
770	ANA	NA	12000
770	EUR	1.0	12000
770	YAM	NA	12000
740	EHG	NA	12000
740	ANA	NA	12000
740	EUR	1.0	12000
740	YAM	NA	12000
710	EHG	NA	12000
710	ANA	NA	12000
710	EUR	1.0	12000
710	YAM	NA	12000
680	EHG	NA	12000
680	ANA	NA	12000
680	EUR	1.0	12000
680	YAM	NA	12000
650	EHG	NA	12000
650	ANA	NA	12000
650	EUR	1.0	12000
650	YAM	NA	12000
620	EHG	NA	12000
620	ANA	NA	12000
620	EUR	1.0	12000
620	YAM	NA	12000
590	EHG	NA	12000
590	ANA	NA	12000
590	EUR	1.0	12000
590	YAM	NA	12000
560	EHG	NA	12000
560	ANA	NA	12000
560	EUR	1.0	12000
560	YAM	NA	12000
530	EHG	NA	12000
530	ANA	NA	12000
530	EUR	1.0	12000
530	YAM	NA	12000
500	EHG	NA	12000
500	ANA	NA	12000
500	EUR	1.0	12000
500	YAM	NA	12000
470	EHG	NA	12000
470	ANA	NA	12000
470	EUR	1.0	12000
470	YAM	NA	12000
440	EHG	NA	12000
440	ANA	NA	12000
440	EUR	1.0	12000
440	YAM	NA	12000
410	EHG	NA	12000
410	ANA	NA	12000
410	EUR	1.0	12000
410	YAM	NA	12000
380	EHG	NA	12000
380	ANA	NA	12000
380	EUR	1.0	12000
380	YAM	NA	12000
350	EHG	NA	12000
350	ANA	NA	12000
350	EUR	1.0	12000
350	YAM	NA	12000
320	EHG	NA	12000
320	ANA	NA	12000
320	EUR	1.0	12000
320	YAM	NA	12000
290	EHG	NA	12000
290	ANA	NA	12000
290	EUR	1.0	12000
290	YAM	NA	12000
260	EHG	NA	12000
260	ANA	NA	12000
260	EUR	1.0	12000
260	YAM	NA	12000
230	EHG	NA	12000
230	ANA	NA	12000
230	EUR	1.0	12000
230	YAM	NA	12000
200	EHG	NA	12000
200	ANA	NA	12000
200	EUR	1.0	12000
200	YAM	NA	12000
170	EHG	NA	12000
170	ANA	NA	12000
170	EUR	1.0	12000
170	YAM	NA	12000
140	EHG	NA	12000
140	ANA	NA	12000
140	EUR	1.0	12000
140	YAM	NA	12000
110	EHG	NA	12000
110	ANA	NA	12000
110	EUR	1.0	12000
110	YAM	NA	12000
80	EHG	NA	12000
80	ANA	NA	12000
80	EUR	1.0	12000
80	YAM	NA	12000
50	EHG	NA	12000
50	ANA	NA	12000
50	EUR	1.0	12000
50	YAM	NA	12000
20	EHG	NA	12000
20	ANA	NA	12000
20	EUR	1.0	12000
20	YAM	NA	12000
-10	EHG	NA	12000
-10	ANA	NA	12000
-10	EUR	1.0	12000
-10	YAM	NA	12000
